-- MariaDB dump 10.19  Distrib 10.5.16-MariaDB, for Linux (x86_64)
--
-- Host: localhost    Database: g_inv
-- ------------------------------------------------------
-- Server version	10.5.16-MariaDB

/*!40101 SET @OLD_CHARACTER_SET_CLIENT=@@CHARACTER_SET_CLIENT */;
/*!40101 SET @OLD_CHARACTER_SET_RESULTS=@@CHARACTER_SET_RESULTS */;
/*!40101 SET @OLD_COLLATION_CONNECTION=@@COLLATION_CONNECTION */;
/*!40101 SET NAMES utf8mb4 */;
/*!40103 SET @OLD_TIME_ZONE=@@TIME_ZONE */;
/*!40103 SET TIME_ZONE='+00:00' */;
/*!40014 SET @OLD_UNIQUE_CHECKS=@@UNIQUE_CHECKS, UNIQUE_CHECKS=0 */;
/*!40014 SET @OLD_FOREIGN_KEY_CHECKS=@@FOREIGN_KEY_CHECKS, FOREIGN_KEY_CHECKS=0 */;
/*!40101 SET @OLD_SQL_MODE=@@SQL_MODE, SQL_MODE='NO_AUTO_VALUE_ON_ZERO' */;
/*!40111 SET @OLD_SQL_NOTES=@@SQL_NOTES, SQL_NOTES=0 */;

--
-- Table structure for table `fotogrupo`
--

DROP TABLE IF EXISTS `fotogrupo`;
/*!40101 SET @saved_cs_client     = @@character_set_client */;
/*!40101 SET character_set_client = utf8 */;
CREATE TABLE `fotogrupo` (
  `id_fotogrupo` int(11) NOT NULL AUTO_INCREMENT,
  `id_usuariof` int(11) NOT NULL,
  `id_grupo` int(11) NOT NULL,
  `dir_foto` varchar(255) NOT NULL,
  PRIMARY KEY (`id_fotogrupo`),
  KEY `fk_id_usuariof` (`id_usuariof`),
  CONSTRAINT `fk_id_usuariof` FOREIGN KEY (`id_usuariof`) REFERENCES `usuarios` (`id`)
) ENGINE=InnoDB AUTO_INCREMENT=3 DEFAULT CHARSET=utf8mb4;
/*!40101 SET character_set_client = @saved_cs_client */;

--
-- Dumping data for table `fotogrupo`
--

LOCK TABLES `fotogrupo` WRITE;
/*!40000 ALTER TABLE `fotogrupo` DISABLE KEYS */;
INSERT INTO `fotogrupo` VALUES (1,5,3,'Foto grupo Journals.jpg'),(2,8,6,'FOTO TEYCON.JPG');
/*!40000 ALTER TABLE `fotogrupo` ENABLE KEYS */;
UNLOCK TABLES;

--
-- Table structure for table `gruposinv`
--

DROP TABLE IF EXISTS `gruposinv`;
/*!40101 SET @saved_cs_client     = @@character_set_client */;
/*!40101 SET character_set_client = utf8 */;
CREATE TABLE `gruposinv` (
  `id_grupo` int(11) NOT NULL AUTO_INCREMENT,
  `id_usuario` int(11) NOT NULL,
  `unidad_acad` varchar(255) NOT NULL,
  `nombre_grupo` varchar(255) NOT NULL,
  `acronimo` varchar(50) NOT NULL,
  `fecha_creacion` varchar(50) NOT NULL,
  `obj_grupo` longtext NOT NULL,
  `dir_logo` varchar(255) DEFAULT NULL,
  `dir_fotogrupo` varchar(255) DEFAULT NULL,
  PRIMARY KEY (`id_grupo`),
  KEY `fk_id_usuario` (`id_usuario`),
  CONSTRAINT `fk_id_usuario` FOREIGN KEY (`id_usuario`) REFERENCES `usuarios` (`id`)
) ENGINE=InnoDB AUTO_INCREMENT=17 DEFAULT CHARSET=utf8mb4;
/*!40101 SET character_set_client = @saved_cs_client */;

--
-- Dumping data for table `gruposinv`
--

LOCK TABLES `gruposinv` WRITE;
/*!40000 ALTER TABLE `gruposinv` DISABLE KEYS */;
INSERT INTO `gruposinv` VALUES (1,2,'Centro Regional Universitario de Colón','Sistemas Logísticos y Análisis Empresarial','SisLAE','2021','Analizar sistemas logísticos y empresariales mediante el análisis avanzado de datos, estadística multivariante y modelos de pronósticos con el propósito de diseñar sistemas de negocios más eficientes.','Logo SisLAE color_001 400.jpg',NULL),(2,4,'Facultad de Medicina','Inmunometabolismo-Cancer y Enfermedades Crónicas i','GIICEC','2021','Inmunometabolismo e inmunonutrición\r\nInmunología del cáncer\r\nInflamación y su relación con la microbiota permeabilidad intestinal, autoinmunidad\r\n\r\n','LogoGIICEC 400px.jpg',NULL),(3,5,'Centro Regional Universitario de San Miguelito','JOURNALS TIPS by UP','JOURNALS TIPS','2021','Elaborar proyectos de investigación con miras a la divulgación de revistas del Portal de revistas de la Universidad de Panamá. \r\nLograr la visibilidad de las revistas del Portal de Revistas de la Universidad de Panamá a través de un medio gráfico, moderno, llamativo y agradable “JOURNALS TIPS” by UP” que llegue a toda la comunidad universitaria, público general y en especial a las nuevas generaciones de estudiantes y futuros investigadores.\r\n','Logo Journals 400px.jpg','Foto grupo Journals.jpg'),(4,6,'Facultad de Comunicación Social','UP-CIENTÍFICA: COMUNICACIONES','UPC-COM','2021','Investigación y desarrollo en el ámbito de la Comunicación de las Ciencias, educación y Cultura.','LOGO upcientifica 400px.jpg',NULL),(5,7,'Facultad de Ciencias Naturales y Exactas','Microbiología Experimental y Aplicada y Microbiología de Aguas','LAMEXA','2021','Determinar la presencia de microorganismos patógenos en el ambiente. Para ello, analizamos muestras ambientales como aire, agua o alimentos con el fin de determinar la presencia de bacterias, virus, protozoarios y hongos que puedan suponer un riesgo para la salud de la población panameña.','Logo Lamexa 400px.jpg',NULL),(6,8,'Facultad de Informática, Electrónica y Comunicación','Tecnología y Conocimiento','TEYCON','2021','Tecnología de la información y la Comunicación','LOGO TEYCON - FONDO BLANCO (1).jpg','FOTO TEYCON.JPG'),(7,9,'Facultad de Ciencias Naturales y Exactas','Genética Biología Molecular y Biotecnología','GENMBIO','2021','Aportar en el desarrollo de investigaciones en las áreas de genética, biología molecular y biotecnología, Contribuir en la transferencia del conocimiento y experiencias entre los miembros y la comunidad científica y académica, Participar en convocatorias para el financiamiento de los proyectos de investigación que llevan a cabo los miembros del grupo.\r\n',NULL,NULL),(8,12,'Facultad de Ciencias Naturales y Exactas','GRUPO DE INVESTIGACION EN EDUCACIÓN MATEMATICA','GIEM21','2021','Construir propuestas de enseñanza que mejoren el aprendizaje de los alumnos, tanto en lo que se refiere a la comprensión de las nociones aritméticas, algebraicas y geométricas como a la utilización de las mismas para resolver problemas.',NULL,NULL),(9,34,'Departamento de Protección Vegetal,  FCA','Grupo de Investigación de Protección Vegetal','GIPROVEG','2022','En la actualidad la producción de alimentos \r\nenfrenta el reto de mantener un alto nivel de calidad, \r\nconsiderando aspectos de inocuidad alimentaria y \r\nsistema de producción con retribución más justa \r\npara los productores. El uso excesivo de \r\ninsecticidas ha provocado problemas muy graves \r\nde contaminación por residuos en los alimentos o \r\nde efecto negativo sobre la biodiversidad y el \r\nmedioambiente. Por ello, actualmente se promueve \r\nuna agricultura acorde a la creciente población y a \r\nla alta demanda de alimentos, pero con métodos \r\nsostenibles y que respeten la salud de los \r\nconsumidores. En este escenario existe la \r\nnecesidad a nivel nacional e internacional, de \r\nampliar las investigaciones en diversas áreas de \r\nprotección vegetal, en beneficio de la agricultura, \r\nde la salud humana y del medio ambiente. Por lo \r\nantes descrito, GIPROVEG tiene como propósito \r\ngenerar conocimientos que amplíen la mejora y \r\nprotección de cultivos.','WhatsApp Image 2022-06-27 at 11.17.30 AM.jpeg',NULL),(10,51,'Facultad de Ciencias Agropecuarias - Campus','Desarrollo de Producción Agroalimentaria Sostenible','DEPAS','2022','OBJETIVO GENERAL\r\n\r\nFortalecer el desarrollo de producción agroalimentaria y gastronómica sostenible para el mejoramiento de la alimentación en la población.\r\n\r\nOBJETIVO ESPECÍFICOS\r\n1)	Fomentar el desarrollo en diferentes tipos de rubros, específicamente los cultivos autóctonos.\r\n2)	Fortalecer las capacidades y habilidades de la población en pro de la seguridad alimentaria nutricional.\r\n3)	Fortalecer la necesidad del consumo de la cosecha de cercanía y local\r\n4)	Generamos un impacto en nuestros recursos naturales y cambio climático, al igual que cumplimos con los Objetivos de Desarrollo Sostenible\r\n','Imagen2.jpg',NULL),(11,50,'Facultad de Ciencias Agropecuarias','Gestión Sostenible en los Sistemas de Producción Agropecuarios','GESPA','2022','Estudiar las diferentes técnicas y prácticas de manejo sostenible en los sistemas de producción agropecuarios, desde una visión holística, incorporando todos los componentes del sistema (suelo, planta, animal) y sus beneficios.','logo FF.jpg',NULL),(12,49,'FACULTAD DE  CIENCIAS AGROPECUARIAS','Grupo de Investigación en Sistemas Pecuarios Sostenibles','GRISPES','2022','1.	Mejorar la competitividad y sostenibilidad de los sistemas de producción Pecuarios, de tal forma que permita al productor panameño, mantenerse económicamente activo en el mercado. 2. Difundir los resultados obtenidos en las investigaciones relacionadas a los sistemas de producción pecuarios sostenibles a los servicios especializados estatales y privados que permitan reducir los costos de producción animal.','GRISPES-Logo.jpg',NULL),(13,52,'FACULTAD DE CIENCIAS AGROPECUARIAS','GRUPO DE INVESTIGACIÓN EN ESPECIES MENORES','GIEM','2022','Este grupo de investigación tiene como objetivo el estudio y desarrollo interdiciplinario de proyectos en especies menores tales como: aves, cerdos, cabras, ovejas, peces, entre otros.  Teniendo como finalidad el desarrollo integral de nuevas estrategias productivas, enfocadas en líneas de estudio como la nutrición, sistemas de alimentación, mejoramiento genético y biotecnológico, salud y bienestar animal, procesamiento de productos pecuarios y el agronegocio. \r\n\r\n\r\n\r\n\r\n\r\n','giem.jpg',NULL),(14,58,'Facultad de Ciencias Agropecuarias','Grupo de Investigación en Mejoramiento Genético, Biotecnología y Bienestar animal','GIMGEBBA','2022','La necesidad de producir alimentos que cumpla con los requisitos de calidad, sostenibilidad y ética de producción son uno de los retos principales que enfrenta el sector agropecuario. Desde este enfoque la FAO (Organización de las Naciones Unidas para la Alimentación y la Agricultura) y la OMS (Organización Mundial de la Salud), plantean entre sus objetivos reducir las posibles enfermedades de transmisión alimentaria. Con estos retos el mejoramiento genético, la biotecnología y el bienestar animal se consideran uno de los pilares fundamentales en la producción de alimento. Por tal razón GIMGEBBA como parte de la Facultad de Ciencias Agropecuarias se plantea como objetivo fortalecer y generar conocimientos relacionados a la producción de alimentos de calidad. ','WhatsApp Image 2022-07-19 at 3.59.30 PM (5).jpg',NULL),(15,66,'Facultad de Ciencias Agropecuarias','Manejo de Biodiversidad en Sistemas Productivos','MaBioSP','2022','Este grupo de investigación tiene como objetivo estudiar la biodiversidad presente en los sistemas productivos con el fin de generar estrategias de manejo sostenible. En este sentido se plantean los siguientes objetivos específicos: (1) evaluar el uso de hábitat por la fauna silvestre en diferentes contextos de producción agropecuaria, forestal y energética, (2) valorar el estado de los bosques hábitat que se encuentran en los agroecosistemas para la aplicación de tratamientos silviculturales como herramientas de manejo de hábitat, (3) caracterizar las percepciones y actitudes de los productores y comunidades locales hacia las especies de fauna silvestre, así como la valoración socioecológica que tienen sobre estas especies. La meta de MaBioSP es generar información científica pertinente que esté disponible a través de literatura científica y medios de divulgación de circulación nacional e internacional.','Logo-MaBioSP_fullcolor.jpg',NULL),(16,68,'Facultad de Ciencias Agropecuarias ','GRUPO DE INVESTIGACIÓN EN AGRICULTURA PROTEGIDA','GRIAP','2021',' La  generación de conocimiento científico y \r\ntecnologías eficientes de manejo para las \r\ncondiciones agroclimáticas de Panamá, a \r\ntravés de la experimentación, el estudio de \r\nlas bases teóricas, la formación constante \r\nen los tópicos de interés y los convenios de \r\napoyo con profesionales del área.\r\n','IMG-20220801-WA0029.jpg',NULL);
/*!40000 ALTER TABLE `gruposinv` ENABLE KEYS */;
UNLOCK TABLES;

--
-- Table structure for table `logogi`
--

DROP TABLE IF EXISTS `logogi`;
/*!40101 SET @saved_cs_client     = @@character_set_client */;
/*!40101 SET character_set_client = utf8 */;
CREATE TABLE `logogi` (
  `id_logo` int(11) NOT NULL AUTO_INCREMENT,
  `id_usuariol` int(11) NOT NULL,
  `id_grupo` int(11) DEFAULT NULL,
  `dir_logo` varchar(100) NOT NULL,
  PRIMARY KEY (`id_logo`),
  KEY `fk_id_usuariol` (`id_usuariol`),
  CONSTRAINT `fk_id_usuariol` FOREIGN KEY (`id_usuariol`) REFERENCES `usuarios` (`id`)
) ENGINE=InnoDB AUTO_INCREMENT=15 DEFAULT CHARSET=utf8mb4;
/*!40101 SET character_set_client = @saved_cs_client */;

--
-- Dumping data for table `logogi`
--

LOCK TABLES `logogi` WRITE;
/*!40000 ALTER TABLE `logogi` DISABLE KEYS */;
INSERT INTO `logogi` VALUES (1,2,1,'Logo SisLAE color_001 400.jpg'),(2,4,2,'LogoGIICEC 400px.jpg'),(3,5,3,'Logo Journals 400px.jpg'),(4,6,4,'LOGO upcientifica 400px.jpg'),(5,7,5,'Logo Lamexa 400px.jpg'),(6,8,6,'LOGO TEYCON - FONDO BLANCO (1).jpg'),(7,34,9,'WhatsApp Image 2022-06-27 at 11.17.30 AM.jpeg'),(8,51,10,'Imagen2.jpg'),(9,50,11,'logo FF.jpg'),(10,49,12,'GRISPES-Logo.jpg'),(11,52,13,'giem.jpg'),(12,58,14,'WhatsApp Image 2022-07-19 at 3.59.30 PM (5).jpg'),(13,66,15,'Logo-MaBioSP_fullcolor.jpg'),(14,68,16,'IMG-20220801-WA0029.jpg');
/*!40000 ALTER TABLE `logogi` ENABLE KEYS */;
UNLOCK TABLES;

--
-- Table structure for table `miembroginv`
--

DROP TABLE IF EXISTS `miembroginv`;
/*!40101 SET @saved_cs_client     = @@character_set_client */;
/*!40101 SET character_set_client = utf8 */;
CREATE TABLE `miembroginv` (
  `id_miembro` int(11) NOT NULL AUTO_INCREMENT,
  `id_usuario` int(11) NOT NULL,
  `id_grupo` int(50) DEFAULT NULL,
  `cedula_int` varchar(15) CHARACTER SET utf8 COLLATE utf8_spanish2_ci DEFAULT NULL,
  `nombre_int` varchar(50) CHARACTER SET utf8 COLLATE utf8_spanish2_ci NOT NULL,
  `apellido_int` varchar(50) CHARACTER SET utf8 COLLATE utf8_spanish2_ci NOT NULL,
  `estatus_int` varchar(50) CHARACTER SET utf8 COLLATE utf8_spanish2_ci NOT NULL,
  `grado_int` varchar(50) CHARACTER SET utf8 COLLATE utf8_spanish2_ci NOT NULL,
  `inst_int` varchar(50) CHARACTER SET utf8 COLLATE utf8_spanish2_ci NOT NULL,
  `area_int` longtext CHARACTER SET utf8 COLLATE utf8_spanish2_ci NOT NULL,
  `tel_int` varchar(10) CHARACTER SET utf8 COLLATE utf8_spanish2_ci DEFAULT NULL,
  `mail_int` varchar(100) CHARACTER SET utf8 COLLATE utf8_spanish2_ci DEFAULT NULL,
  PRIMARY KEY (`id_miembro`),
  KEY `fk_id_grupo` (`id_usuario`),
  CONSTRAINT `fk_id_grupo` FOREIGN KEY (`id_usuario`) REFERENCES `usuarios` (`id`)
) ENGINE=InnoDB AUTO_INCREMENT=125 DEFAULT CHARSET=utf8mb4;
/*!40101 SET character_set_client = @saved_cs_client */;

--
-- Dumping data for table `miembroginv`
--

LOCK TABLES `miembroginv` WRITE;
/*!40000 ALTER TABLE `miembroginv` DISABLE KEYS */;
INSERT INTO `miembroginv` VALUES (1,5,3,'8-434-996','Gilma','Romero','Docente','Magister','Universidad de Panamá','Investigación, Diseño Gráfico ','6727-1699','gilma.romero@up.ac.pa'),(2,6,4,'4-183-151','Maricel','Araúz Jaramillo','Docente','Magister','Universidad de Panamá','Gestión de la Organización del Talento humano.\r\nComunicación a través de la Producción Audiovisual (cine y tv).\r\nEducación Superior Audiovisual.','','maricel.arauz@up.ac.pa '),(3,7,5,'N-22-896','Jordi','Querol','Docente','Doctor','Universidad de Panamá','Bacterias multirresistentes, aptámeros.','','jordi.querol@up.ac.pa '),(4,8,6,'8-284-445','Amarilis','De Leon','Docente','Magister','Universidad de Panamá','Tecnologìa de la información y comunicación, Auditoria y seguridad informática, Computadora y sociedad',NULL,'amarilis.deleon@up.ac.pa'),(5,8,6,'8-248-735','Angelica','Pierre','Docente','Magíster','Universidad de Panamá','Tecnología de la Información y la Comunicación, Gestión del Conocimiento','','angelica.pierre@up.ac.pa'),(6,9,7,'8-230-498','Ovidio José','Durán López','Docente','Magíster','Universidad de Panamá','Metagenómica, Genética, Biología Molecular y Biotecnología','','ovidio.duran@up.ac.pa'),(7,2,1,'3-120-34','Estelina','Ortega','Docente','Doctora','Universidad de Panamá','Análisis Avanzados de Datos, Estadística Multivariante, Modelos de Pronósticos','','estelina.ortega@up.ac.pa'),(8,2,1,'3-81-189','Víctor Manuel','Valdivieso','Docente','Magíster','Universidad de Panamá','Gestión y Organización de Empresas, Análisis Empresarial','','victor.valdiviesoo@up.ac.pa'),(9,9,7,'8-745-875','Aidamalia','Vargas Lowman','Docente','Doctora','Universidad de Panamá','Biología Molecular y Genética ','','Aidamalia.vargas@up.ac.pa'),(10,9,7,'8-506-455','Maribel Arlene ','González Torres','Docente','Licenciada','Universidad de Panamá','Biología Molecular','','maribel.gonzalezt@up.ac.pa'),(11,9,7,'8-239-132','Víctor Enrique','Moreno Hernández','Docente','Magíster','Universidad de Panamá','Genética Poblacional, Biotecnología','','victormorenoh15@gmail.com'),(12,9,7,'8-707-1511','Indira Lisbeth','Martínez Peñalba','Docente','Licenciada','Universidad de Panamá','Universidad de Panamá Biología Molecular y Celular, Genética Poblacional, Biotecnología.','','indira.martinezz@up.ac.pa'),(13,9,7,'8-700-1534','Alana Ivette','Domingo Perez','Docente','Magíster','Universidad de Panamá','Marcadores Moleculares, Conectividad por Dispersión y Reclutamiento, Ecología de Metacomunidades y Manejo de Recursos Marino-Costeros.','','alana.domingo@up.ac.pa'),(14,9,7,'8-228-174','Magaly','Sánchez de Chial','Docente','Doctora','Universidad Libre de Bruselas','Biodiversidad, Metagenómica, biología molecular de Pseudomonas aeruginosa','','magaly.dechial@up.ac.pa'),(15,9,7,'8-509-341','Edna Amada','González González','Docente','Doctora','Universidad de Panamá','Conservación Genética y Genética de Poblaciones Amenazadas','','edna.gonzalez@up.ac.pa'),(16,9,7,'8-745-125','Edgardo','Castro Pérez','Docente','Doctor','Universidad de Panamá / INDICASAT','Genética, genómica, cáncer, células madre, neurociencias','','hdnacastro@gmail.com'),(17,9,7,'1-706-28','Julio César ','Castillo Cabrera','Docente','Doctor','Universidad de Panamá','Entomología Molecular, Genómica, Inmunología molecular comparada (invertebrados)','','julio.castillo@up.ac.pa'),(18,9,7,'8-513-1199','Rito Humberto','Herrera Vega','Docente','Doctor','Universidad de Panamá','Biología Celular, Biotecnología, Microbiología ','','Rito.herrera@up.ac.pa'),(19,9,7,'8-486-310','Luis ','Mejía','Docente','Doctor','INDICASAT AIP','Regulación de la Expresión Génica en Theobroma cacao ','','lmejia@indicasat.org.pa'),(20,9,7,'2-734-2122','Luis Angel','Jaén','Docente','Licenciado','Universidad de Panamá','Biología Molecular','','lisangeljaen@gmail.com'),(21,9,7,'8-160-1617','Carlos','Ramos Delgado','Docente','Doctor','Universidad de Panamá','Diversidad Genética','','laito52@yahoo.com'),(22,9,7,'9-083-2114','Olga Marlina ','Chen','Docente','Magíster','Universidad de Panamá','Biología molecular, Biotecnología','','olgamarlina@yahoo.com'),(23,4,2,'N-19-1191','Griselda','Arteaga','Docente','Doctora','Universidad de Panamá','Inmunología, Enfermedades autoinmunes','','Griselda.arteaga@up.ac.pa'),(24,4,2,'8-799-926','Orlando','Serrano','Docente','Doctor','Universidad de Panamá','Cáncer, Genética, Biotecnología','','Orlando.serrano@up.ac.pa'),(25,4,2,'E-8-189223','Fabiana','Piran','Docente','Doctora','Universidad de Panamá','Nutrición','','mariapiranarce@gmail.com'),(26,4,2,'8-746-2023','Ana Elena ','Espinosa','Docente','Doctora','Universidad de Panamá','Endocrinología y Medicina Interna','','espinosady8103@gmail.com'),(27,4,2,'4-258-899','Ivonne Torres ','Atencio','Docente','Doctora','Universidad de Panamá','Inmunofarmacología','','ivonne.torres@up.ac.pa'),(28,5,3,'8-237-1837','Jackeline','Juárez','Docente','Magíster','Universidad de Panamá','Investigación Diseño Gráfico Tecnología Educativa','6053-2298','jackeline.juarez@up.ac.pa'),(29,5,3,'8-237-1837','Odessa','Aranda','Docente','Magíster','Universidad de Panamá','Investigación Diseño Gráfico Tecnología Educativa','6700-5967','odessa.aranda@up.ac.pa'),(30,6,4,'8-460-792','Yajaira','Mc Elfresh','Docente','Magíster','Universidad de Panamá','Periodismo científico, desarrollo cultural, innovación y Emprendimiento','','ymc0712@hotmail.com'),(31,6,4,'8-316-763','Alcira','Prieto Montero','Docente','Magíster','Universidad de Panamá','Gestión de la comunicación a través de los medios audiovisuales.','','alcirap09@hotmail.com'),(32,6,4,'N-22-896','Jordi','Querol-Audí','Docente','Doctor','Universidad de Panamá','Comunicación científica.','','jordi.querol@up.ac.pa'),(33,7,5,'8-472-941','Humberto','Cornejo Reyes','Docente','Magíster','Universidad de Panamá','Bacteriología y Microbiología Ambiental','','cornejorh@gmail.com'),(34,7,5,'8-452-696','Fermín','Mejía','Docente','Magíster','Universidad de Panamá','Microbiología Ambiental','','fermejia25@gmail.com'),(35,7,5,'9-100-466','Cecilio','Puga','Docente','Magíster','Universidad de Panamá','Microbiología Ambiental','','pugace@gmail.com'),(36,7,5,'3-700-1177','Sara','Ahumada Ruiz','Docente','Doctora','Agencia Panameña de Alimentos','Virología y Microbiología Molecular','','sahumadaruiz@hotmail.com'),(37,7,5,'4-775-1718','Ediner','Fuentes Campos','Asistente de Investigación','Magíster','Universidad de Panamá','Edición Genómica y Microbiología Ambiental','','edinerfuentesc@gmail.com'),(38,7,5,'2-730-1674','Asquena','Aguilar','Asistente de Investigación','Magíster','Universidad de Panamá','Virología y Microbiología Ambiental y Molecular','','squena06@gmail.com'),(39,7,5,'4-740-2433','Máximo ','Montalvo','Asistente de Investigación','Magíster','Universidad de Panamá','Bacteriófago y Microbiología Ambiental y Molecular','','Mmontalvoj1306@gmail.com'),(40,7,5,'8-229-1909','Olegh','Aguilar','Docente','Doctor','IDIAP','Agronomía y Microbiología Ambiental y Molecular','','aguilarrojasoleg@gmail.com'),(41,7,5,'8-414-257','Franklyn ','Samudio','Docente','Doctor','GORGAS','Parasitología y Microbiología Molecular','','fsamudio@gorgas.gob.pa'),(42,12,8,'2-334-6133','Orlando','García Marimón','Docente','Magíster','Universidad de Panamá','Formación de profesores , Enseñanza Híbrida, Didáctica de las Ciencias','','orlando.egarcia@up.ac.pa'),(43,34,9,'4-788-1449','Dustin','Moreno','Docente','Ingeniería Agronómica','Universidad de Panamá','Ciencias de los Arvenses','6278-2863','dustin.moreno@up.ac.pa'),(44,34,9,'8-911-2475','María Paula','Mejía','Docente','Ingeniería Agronómica','Universidad de Panamá','Entomología','6165-0429','maria.mejia-a@up.ac.pa'),(45,34,9,'4-785-2101','Angélica','Palma','Docente','Ingeniería Agronómica','Universidad de Panamá','Mejoramiento Genético Vegetal','6770-3476','angelica.palma-a@up.ac.pa'),(46,34,9,'7-710-18','Moisés ','de León','Docente','Ingeniería Agronómica','Universidad de Panamá','Manejo Integrado de Plagas','6947-7478','moises.deleon-r@up.ac.pa'),(48,34,9,'9-752-2067','Bladimir','Rodríguez','Docente','Ingeniería Agronómica','Universidad de Panamá','Ciencias Bioagrícolas, Fitonematología, Biocontrol','6649-0791','bladimir.rodriguez-h@up.ac.pa'),(49,34,9,'1-019-2098','Carl','Williams','Docente','Magíster','Universidad de Panamá','Manejo Integrado de Plagas','6038-3444','carl.williams@up.ac.pa'),(50,34,9,'4-139-852','Ziddy','Vissuetti','Docente','Magíster','Universidad de Panamá','Fisiología y Producción Vegetal','6792-6196','zyddi.vissuetti@up.ac.pa'),(51,34,9,'4-279-133','Oscar','Martínez','Docente','Doctorado','UNACHI','Biotecnología','6813-0170','o_martinez_@hotmail.com'),(54,51,10,'8-209-2247','Julia A','Gómez De Hayer','Docente','Maestría','Universidad de Panamá','Ciencia de la Familia y Desarrollo Comunitario','65260132','julia.gomezg@up.ac.pa'),(56,51,10,'2-83-2068','Leonel','Medina','Docente','Ingeniería','Universidad de Panamá','Especies menores','69814687','leonel.medina@up.ac.pa'),(57,51,10,'8-756-2455','Eloy','Jaramillo','Docente','Maestría','Universidad de Panamá','Gastronomía','67728471','eloy.jaramillov@up.ac.pa'),(58,51,10,'8-173-603','Corina Inés','Rivas','Docente','Maestría','Universidad de Panamá','Ciencia de la Familia y Desarrollo Comunitario','65260132','corinai.rivas@up.ac.pa'),(59,51,10,'8-806-2303','Rolando','Zuñiga','Docente','Maestría','Universidad de Panamá','Gastronomía','62762931','rolando.zuniga@up.ac.pa'),(60,51,10,'8-170-251','Ricardo','Peraza','Docente','Maestría','Universidad de Panamá','Gastronomía','65073821','ricardo.peraza@up.ac.pa'),(61,51,10,'6-709-1934','Minerva  ','Arrocha','Docente','Maestría','Universidad de Panamá','Gastronomía','61512497','minerva.arrocha@up.ac.pa'),(62,51,10,'8-843-1123','Marilys','Quintero','Docente','Maestría','Universidad de Panamá','Agronegocios sostenibles','63257431','marilys.quinterog@up.ac.pa'),(63,51,10,'8-802-2116','Lina','Lay Mendivil','Administrativa','Maestría','Universidad de Panamá','Nutrición humana','64476298','lina.lay@up.ac.pa'),(64,49,12,'8-231-764','EDGAR ','POLO','DOCENTE','TITULAR II. TIEMPO COMPLETO','UNIVERSIDAD DE PANAMA. FCA','PASTOS Y FORRAJES','65972806','edgar.polo@up.ac.pa'),(65,49,12,'2-083-2068','Leonel','Medina','Docente','Titular adjunto. Tiempo completo','UNIVERSIDAD DE PANAMA. FCA','Especies menores','69814687','leonel.medina@up.ac.pa'),(66,49,12,'9-107-2243','Ana','Rodriguez','Docente','TITULAR I. TIEMPO COMPLETO','UNIVERSIDAD DE PANAMA. FCA','Mejoramiento Genético en cultivos','66465681','anael.rodriguez@up.ac.pa'),(67,49,12,'4-139-1210','Miguel','Espinosa','DOCENTE','TITULAR I. TIEMPO COMPLETO','UNIVERSIDAD DE PANAMA. FCA','Producción Animal','6616-0934','miguel.espinosa@up.ac.pa'),(68,49,12,'9-131-151','Sebastian','Urieta','DOCENTE','Especial 3. Tiempo Parcial','UNIVERSIDAD DE PANAMA. FCA','Producción Animal','6805-4445','sebastian.urieta@up.ac.pa'),(69,49,12,'9-737-735','Hèctor','Cedeño','DOCENTE','Especial 1. Tiempo Completo','UNIVERSIDAD DE PANAMA. FCA','Mejoramiento Animal','6614-7278','hector.cedenov@up.ac.pa'),(70,49,12,'8-854-397','Katherine','Montes','Docente','Especial 1. Tiempo Completo','UNIVERSIDAD DE PANAMA. FCA','Nutrición y Alimentación Animal','69970090','katherine.montes@up.ac.pa'),(71,49,12,'8-843-1123','Marilys ','Quintero','DOCENTE','Especial 1. Tiempo Completo','UNIVERSIDAD DE PANAMA. FCA','Economia Agrìcola','63257431','marilys.quinterog@up.ac.pa'),(72,49,12,'8-865-228','Yaliska','Moreno','DOCENTE','Asistente. Tiempo completo','UNIVERSIDAD DE PANAMA. FCA','Producción Animal','63038515','yaliska.moreno@up.ac.pa'),(73,49,12,'8-283-970','Gerardo','Sandoya','DOCENTE','TITULAR II. TIEMPO COMPLETO','UNIVERSIDAD DE PANAMA. FCA','Agronegocios','61518921','gerardo26_sandoya@gmail.com'),(74,49,12,'2-81-756','Roberto ','Alzamora','DOCENTE','Especial 1. Tiempo Parcial','UNIVERSIDAD DE PANAMA. FCA','Anatomía y Fisiología Animal','6615-8649','roberto.alzamora@up.ac.pa'),(75,49,12,'8-843-1141','Leanne','Urriola','DOCENTE','Especial 1. Tiempo Completo','UNIVERSIDAD DE PANAMA. FCA','Fertilidad de Suelos','66900272','leanee.urriola@up.ac.pa'),(76,52,13,'6-717-826','Richard','Mudarra','Docente','Maestría','Facultad de Ciencias Agropecuarias ','Nutrición y Manejo Porcino ','6625-1938','richard.mudarra@up.ac.pa'),(77,52,13,'6-708-1204','Mario','Arjona','Docente','Maestría ','Facultad de Ciencias Agropecuarias ','Nutrición Porcina y Avícola ','6955-2110','mario.arjona@up.ac.pa'),(78,52,13,'6-85-309','Carlos ','Solís','Administrativo/Docente','Doctorado','Facultad de Ciencias Agropecuarias ','Nutrición de rumiantes ','6649-8382','carlos.solis@up.ac.pa'),(79,52,13,'4-122-810','Victor ','Sánchez ','Docente','Maestría','Facultad de Ciencias Agropecuarias','Nutrición y manejo de cabras y ovejas. ','6672-0353','victor.sanchez@up.ac.pa'),(80,52,13,'4-748-1343','Zulay ','Suira','Docente','Maestría','Facultad de Ciencias Agropecuarias ','Procesamiento de productos pecuarios ','6804-8830','zulay.suira@up.ac.pa'),(81,52,13,'9-737-735','Hector','Cedeño','Docente','Maestría','Facultad de Ciencias Agropecuarias ','Mejoramiento animal. Producción caprina y ovina','6614-7278','hector.cedeño@up.ac.pa'),(82,52,13,'8-854-397','Katherine ','Montes ','Docente','Maestría','Facultad de Ciencias Agropecuarias','Nutrición de cabras y ovejas ','6997-0090','katherine.montes@up.ac.pa '),(83,52,13,'4-725-1135','Reggie','Guerra','docente','Doctorado','Facultad de Ciencias Agropecuarias ','Mejoramiento Animal','6565-6898','reggie.guerra@up.ac.pa'),(84,52,13,'4-121-2668','Juan ','Corella ','Docente','Doctorado','Facultad de Ciencias Agropecuarias ','Economía agrícola ','6520-7344','juan.corella@up.ac.pa'),(85,52,13,'7-107-745','Reynaldo','Vargas','Docente','Doctorado','Facultad de Ciencias Agropecuarias ','Etología Animal/Producción acuícola ','6481-3319','reynaldo.vargas@up.ac.pa'),(86,58,14,'4-725-1135','Reggie','Guerra','Docente','Doctorado','Facultad de Ciencias Agropecuarias','Mejoramiento Genético','6565-6898','reggie.guerra@up.ac.pa'),(87,58,14,'4-759-682','Joseph','Grajales Cedeño','Docente','Master','Facultad de Ciencias Agropecuarias','Comportamiento y bienestar animal','6925-2249','joseph.grajales@up.ac.pa'),(88,58,14,'N-19-2057','Reinaldo','De Armas','Docente','Doctorado','Facultad de Ciencias Agropecuarias','Biotecnología de la reproducción, reproducción animal, salud animal.','6205-4675','reinaldo.dearmas@up.ac.pa'),(89,58,14,'6-707-2116','Alex','Solís','Docente','Doctorado','Facultad de Ciencias Agropecuarias','Biotecnología de la reproducción, reproducción animal','6784-7392','alex.solis@up.ac.pa'),(90,58,14,'4-113-167','Neftalí','Aparicio','Docente','Master','Facultad de Ciencias Agropecuarias','Andrología, reproducción animal','6674-8670','neftali.aparicio@up.ac.pa'),(91,58,14,'6-717-826','Richard','Mudarra','Docente','Master','Facultad de Ciencias Agropecuarias','Porcinocultura, nutrición animal','6625-1938','richard.mudarra@up.ac.pa'),(92,58,14,'4-700-1479','Alex','Ríos','Docente','Doctorado','Facultad de Ciencias Agropecuarias','Biotecnología Agropecuaria','6302-0950','alex.morenom@up.ac.pa'),(114,66,15,'4-740-1353','Luz Irene','Loría','Docente','Doctora en Ciencias','Facultad de Ciencias Agropecuarias, UP','Manejo de áreas silvestres, Ecología y conservación de mamíferos','','luz.loria@up.ac.pa'),(115,66,15,'4-761-216','Carolina','Guerra','Docente','Magister Scientiae','Facultad de Ciencias Agropecuarias, UP','Agricultura sostenible, Agroforestería','','carolina.guerra@up.ac.pa'),(116,66,15,'9-157-999','José Abdiel','Pineda','Docente','Magister Scientiae','Facultad de Ciencias Agropecuarias, UP','Manejo de bosques y biodiversidad','','jose.pinedab@up.ac.pa'),(117,66,15,'8-834-1068','Enrique','Sánchez-Galán','Docente','Master','Facultad de Ciencias Agropecuarias, UP','Desarrollo Agrícola Sostenible, Economía Agrícola','','enrique.sanchezg@up.ac.pa'),(118,66,15,'6-713-1648','Ana María','Villarreal','Docente','Magíster en Ciencias','Facultad de Ciencias Agropecuarias, UP','Manejo de suelos','','ana-m.villarreal@up.ac.pa'),(119,66,15,'1.019.060.332','Gabriel','Andrade-Ponce','Investigador invitado','Maestro en Ciencias','Instituto de Ecología','Ecología de mamíferos, Bioestadística','','gabriel.andrade@posgrado.ecologia.edu.mx'),(120,66,15,'1.031.133.365 ','Karen L.','Velásquez','Investigador invitado','Maestra en Ciencias','Instituto de Ecología','Ecología y conservación de mamíferos','','karen.velasquez@posgrado.ecologia.edu.mx'),(121,66,15,'1.085.246.769 ','Iván Felipe','Benavides','Investigador invitado','Doctor en Ciencias','Universidad Nacional de Colombia','Bioestadística, Ciencia de datos','','pipeben@gmail.com'),(122,68,16,'8-834-1068','Enrique ','Sanchez-Galán ','Regular T.C.','Maestría ','Universidad de Panamá ','Desarrollo sostenible y Agronegocios ','5235478','enrique.sanchezg@up.ac.pa'),(123,68,16,'9-197-2243','Ana ','Rodríguez','Regular T.C.','Maestría ','Universidad de Panamá ','Evaluación de cultivares , Capacitación y Extensión ','','anael.rodriguez@up.ac.pa'),(124,68,16,'8-212-532','Eddy ','Barraza','Regular T.C.','Doctor ','Universidad de Panamá ',' Fitoprotección','5235478','eddyup.pa@gmail.com ');
/*!40000 ALTER TABLE `miembroginv` ENABLE KEYS */;
UNLOCK TABLES;

--
-- Table structure for table `proyegi`
--

DROP TABLE IF EXISTS `proyegi`;
/*!40101 SET @saved_cs_client     = @@character_set_client */;
/*!40101 SET character_set_client = utf8 */;
CREATE TABLE `proyegi` (
  `id_titulo` int(11) NOT NULL AUTO_INCREMENT,
  `id_usuariot` int(11) NOT NULL,
  `id_grupo` int(11) DEFAULT NULL,
  `tit_inv` longtext NOT NULL,
  `obj_inv` longtext NOT NULL,
  `estado` varchar(50) NOT NULL,
  PRIMARY KEY (`id_titulo`),
  KEY `fk_id_usuariot` (`id_usuariot`),
  CONSTRAINT `fk_id_usuariot` FOREIGN KEY (`id_usuariot`) REFERENCES `usuarios` (`id`)
) ENGINE=InnoDB AUTO_INCREMENT=65 DEFAULT CHARSET=utf8mb4;
/*!40101 SET character_set_client = @saved_cs_client */;

--
-- Dumping data for table `proyegi`
--

LOCK TABLES `proyegi` WRITE;
/*!40000 ALTER TABLE `proyegi` DISABLE KEYS */;
INSERT INTO `proyegi` VALUES (2,5,3,'JOURNALS TIPS by UP','Crear un sitio digital, con periodicidad quincenal para jóvenes y adultos donde puedan tener acceso a través de vínculos a noticias, actividades, material, y publicaciones científicas de la Universidad de Panamá. \r\nLograr la visibilidad de las revistas científicas de la Universidad de Panamá a través de una publicación digital.\r\nEvaluar el alcance y concurrencia al sitio, mediante un contador digital, valorando dicha asistencia mediante el reconocimiento oportuno y permanente. \r\n','En curso'),(3,6,4,'Desarrollo de plataforma digital piloto y estrategia mixta de comunicación pública de las ciencias.','Desarrollar una estrategia de comunicación eficiente que permita el flujo de conocimientos científicos desde la Universidad de Panamá hacia los diversos sectores socioeconómicos nacionales e internacionales.','Reciente'),(4,7,5,'IN-CELLEX: desarrollo de una nueva herramienta biotecnológica para combatir patógenos multirresistentes.','Identificar aptámeros con capacidad de revertir fenotipos de resistencia a antibióticos para usarlos como adyuvantes.','En curso'),(5,8,6,'Sistema de Redes de la Empresas de Desechos Tecnológicos en Panamá','Evaluar las relaciones entre las empresas panameñas dedicadas a los desechos tecnológicos con las instituciones públicas y otras organizaciones, a fin de conocer su perfil en el proceso de recuperación y reciclaje.','Reciente'),(6,9,7,'Metagenómica de Comunidades Microbianas de Suelos de Panamá','Determinar la composición de comunidades bacterianas en diferentes suelos de Panamá.','Finalizada'),(7,2,1,'La integración del Clúster Logístico de Colón en una gran zona primaria como un sistema dinámico que impulse la competitividad de la Plataforma Logística de Panamá','Evaluar los beneficios de la integración del Clúster Logístico de Colon en una gran zona primaria como un sistema dinámico que impulse la competitividad de la competitividad de la Plataforma Logística de Panamá','En curso'),(8,2,1,'Cadena de Frío: Una mirada crítica desde la logística para el desarrollo de Merca Panamá en la provincia de Colón','Examinar los componentes de la cadena de frío en Panamá y sus aportes desde una perspectiva logística para el establecimiento de Merca Panamá en la provincia de Colón.','Finalizada'),(9,2,1,'Transformación digital en los procesos de integración de la cadena de suministro: Percepción sobre aplicaciones recientes de la logística 4.0 en la empresa TLogistics','Analizar los efectos generados por la transformación digital en los procesos de integración de la cadena de suministros de la empresa TLogistics','Finalizada'),(10,6,4,'Influencia del pindín en la construcción de los roles de género femenino en Panamá. ','Determinar como el contenido de las letras de las canciones del pindín representan a las mujeres, cómo ellas las interpretan y valoran, y cómo influyen en sus roles sociales.','En curso'),(11,6,4,'Estudio sobre la comunicación social de las ciencias en la universidad de panamá.','Analizar y evaluar la necesidad de crear una formación en comunicación de las ciencias en la Universidad de Panamá.','Finalizada'),(12,9,7,'Cepas transgénicas “Sólo machos\" del Gusano Barrenador ','Establecer cepas con el sistema de letalidad en hembras de la especie Cochlyomyia hominivorax.\r\nMejorar el sistema de letalidad en las nuevas cepas establecidas. \r\n','En curso'),(13,9,7,'Filogenia del género Caligo (Nymphalidae: Satyrinae) en Panamá utilizando genes mitocondriales y nucleares','Caracterización genética de especies en individuos del Caligo (Nymphalidae: Satyrinae) mediante la utilización de genes tanto mitocondriales como nucleares.','En curso'),(14,9,7,'Aplicación de Marcadores Moleculares para la Conservacion y Manejo de Biodiversidad Marina.','1.	Confirmar la composición taxonómica de especies. \r\n2.	Analizar los niveles de diferenciación genetica (demos) de peces comerciales. \r\n3.	Brindar información para el manejo de pesquerías en el PN Coiba y en localidades adyacentes.','Finalizada'),(15,9,7,'Determinación del polimorfismo Pro12Ala en el receptor activado por proliferadores de peroxisomas gamma-2 (PPARg-2 en pacientes que padecen diabetes melitus tipo 2 (VIP-01-07-03-2018-02)','Determinar los polimorfismos Pro12Ala en receptor activado por proliferadores de peroxisomas  en pacientes con diabetes melitus tipo 2','En curso'),(16,9,7,'Building a teleost fish traceability program based on genetic data from Pacific Panama fish markets','Estudiar la trazabilidad de las especies de peces comerciales en mercados de mariscos locales mediante el marcador mitocondrial COI','Finalizada'),(17,9,7,'Prevalencia y diversidad genética de Coronavirus en murciélagos en Panamá','Determinar la prevalencia y diversidad genética de coronavirus en especies de murciélagos en Panamá','En curso'),(18,9,7,'A metagenomic Survey of bacterial communities from Panama Soils','Caracterizar las comunidades bacterianas de los tipos de suelo en Panamá','Finalizada'),(19,9,7,'Filogenia de la familia Nymphalidae (Insecta: Lepidoptera) en Panamá utilizando el código de barra.','Utilizar el COI en la determinación filogenética de la familia Nymphalidae.','Finalizada'),(20,9,7,'Análisis de la Diversidad Genética en Poblaciones Naturales de Mariposas Aplaudidoras (Hamadryas sp.) y su Relación con la Fragmentación del Hábitat.','Encontrar la diversidad genética de las mariposas aplaudidoras.','En curso'),(21,9,7,'Análisis de la diversidad genética en tortugas marinas en playa Mata Oscura, Veraguas, Panamá.','Determinar la diversidad genética en Lepidochaelis olivacea del Pacífico Panameño.','En curso'),(22,9,7,'Identificación de nuevos blancos contra melanoma resistente a tratamientos','Identificar genes asociados a mecanismos de resistencia a tratamientos en melanoma mediante análisis de transcriptoma\r\n\r\nInhibir los genes identificados mediante bioensayos MTT\r\n','En curso'),(23,9,7,'Identificación de genes asociados a enfermedades en la población panameña mediante análsis de exoma','Secuenciar el exoma de voluntarios panameños\r\n\r\nAnalizar posibles variantes génicas asociados a enfermedades en la población\r\n','En curso'),(24,9,7,'Caracterización del microbioma de vectores de malaria','Determinar la diversidad de ensamblajes microbianos en mosquitos transmisores de la malaria','En curso'),(25,9,7,'Mecanismos de respuesta antiviral en vectores de enfermedades','Identificar mecanismos y efectores celulares que impactan la transmisión de arbovirus en mosquitos','En curso'),(26,9,7,'Aislamiento, identificación y caracterización de microorganismos antagonistas y promotores de crecimiento en cultivos agrícolas en la Provincia de Coclé y Panamá Oeste.','Caracterizar microorganismos benéficos con actividad biológica de interés agrícola.','En curso'),(27,9,7,'Caracterización y utilización de microorganismos rizoféricos inductores de resistencia sistemática para mejorar la nutrición ferrica de plantas de importancia agrícola en suelos básicos de Panamá.','Determinación de producción de fitosideróforos asociados a la resistencia sistémica frente a patógenos','En curso'),(28,9,7,'Regulación de Genes de Resistencia y Simbiosis en Theobroma cacao','Identificar genes de resistencia a patógenos inducidos por endófitos en Theobroma cacao','En curso'),(29,9,7,'Identificación de Proteína que se unen al espaciador menor del locus de calmodulina de Tripanosoma cruzi','Identificar proteínas de ligación a RNA que se unen al espaciador menor del locus de calmodulina de Trypanosoma cruzi.\r\n','Finalizada'),(30,9,7,'Building a teleost fish traceability program based on genetic data from Pacific Panama fish markets','Generar un listado de código de barra de ADN de las principales especies de peces comerciales','En curso'),(31,9,7,'Prevalencia y diversidad genética de Coronavirus en murciélagos en Panamá','Determinar la prevalencia de coronavirus en especies de murciélagos en Panamá','En curso'),(32,9,7,'A metagenomic Survey of bacterial communities from Panama Soils','Identificar los grupos de bacterias presentes en diferentes suelos de Panamá','En curso'),(33,9,7,'Determinación del polimorfismo Pro12Ala en el receptor activado por Proliferadores de Peroxi-somas gamma-2 (PPAR2).','Evaluar la posible predisposición del polimorfismo Pro12Ala de hPPAR2 en pacientes con diabetes mellitus tipo 2.','En curso'),(34,9,7,'Metagenómica de Comunidades Microbianas de Suelos de Panamá','Determinar la composición de comunidades bacterianas en diferentes suelos de Panamá.\r\n','Finalizada'),(35,9,7,'Análisis filogenético de las Gracilariales del Caribe panameño y de la Bahía de Cádiz, España.','Determinar la filogenia del orden Gracilariales en la Bahía de Cádiz y el Caribe panameño.','En curso'),(36,4,2,'Evaluación del estado metabólico-inflamatorio en personas con diabetes tipo 2 y obesidad, y su relación con la alimentación y el estado de la barrera intestinal','Evaluar el estado metabólico-inflamatorio en personas con diabetes mellitus tipo 2, y obesidad, y su relación con la alimentación y daño de la barrera intestinal','En curso'),(37,4,2,'Impacto de la dieta suplementada con aceite de palma refinado, en la progresión tumoral en un modelo murino singénico de melanoma','Determinar el impacto de la dieta con aceite de palma refinado en la progresión tumoral en un modelo murino singénico de melanoma.','En curso'),(38,4,2,'Caracterización génica y proteica de la adiponectina y su asociación con los marcadores del síndrome metabólico.  San Miguelito, Panamá, 2022','Caracterizar el gen y la proteína adiponectina, y asociar dichas características con los biomarcadores de síndrome metabólico.  San Miguelito, Panamá, 2022','En curso'),(39,4,2,'Evaluación de la respuesta inmune celular y humoral de la vacuna contra SARS-CoV-2, en población pediátrica de 5 años o más de la Provincia de Panamá. 2022','Evaluar la respuesta inmune humoral a través de la medición de anticuerpos específicos, y de la respuesta de células de tipo TH1 desde la aplicación de la vacuna hasta 12 meses después','En curso'),(40,7,5,'STEMO. Sistema de detección molecular y hardware para diagnóstico preliminar \"In situ\" de SARS-CoV-2     ','Evaluar un sistema de cribado basado en RT-LAMP para la rápida detección molecular del SARS-CoV-2 en muestras de pacientes con diagnóstico de COVID-19.','En curso'),(41,7,5,'Modificación genética del hongo quítrido de los anfibios Batrachochytrium dendrobatidis utilizando la técnica de edición genética CRISPR-CAS9','Desarrollar un sistema de edición génica dirigida basado en la tecnología de CRISPR/Cas9 que permita silenciar la expresión de los genes oda6 y oda9 implicados en la virulencia del hongo quítrido Batrachochytrium dendrobatidis.','En curso'),(42,7,5,'Detección Molecular y Análisis Filogenético de virus, bacteriófagos, bacterias, hongos filamentosos y parásitos patógenos en aire y agua provenientes de la Bahía de Panamá','Análisis filogenético de diferentes microorganismos proveniente de aire y agua de la Bahía de Panamá.','En curso'),(43,7,5,'Caracterización genética de virus, bacteriófagos, bacterias y parásitos en tres géneros diferentes de almejas contaminadas naturalmente.','Caracterizar genéticamente diferentes microorganismos provenientes tres géneros diferentes de almejas contaminadas naturalmente.','En curso'),(44,7,5,'Cepario nacional de microorganismos de la Universidad de Panamá','Montar un cepario nacional de microorganismos en la UP','En curso'),(45,7,5,'Fagoterapia y control biológico aplicado a cepas bacterianas multirresistentes de muestras clínicas y ambientales','Aislar, cuantificar y caracterizar fenotípica y genotípicamente bacteriófagos que posean actividad lítica contras cepas bacterianas multirresistentes.','En curso'),(46,7,5,'Detección molecular y análisis filogenético de virus entéricos en muestras de agua cruda y tratada de las plantas potabilizadoras de Chilibre y Miraflores de Panamá','Demostrar la presencia de virus entéricos en muestras de agua cruda y tratada provenientes de las Plantas Potabilizadoras Federico Guardia Conte de Chilibre y de Miraflores, evaluando la eficiencia de las plantas para eliminar estos virus durante el proceso de tratamiento del agua.','En curso'),(47,7,5,'Caracterización genética de virus y bacterias en tres especies de almejas de importancia comercial contaminadas naturalmente en el Pacífico de Panamá','Caracterizar la composición genética de virus y bacterias identificados en tres especies de almejas de importancia comercial contaminadas naturalmente en Panamá.','En curso'),(48,7,5,'Detección molecular y análisis filogenético de virus entéricos en muestras de agua cruda y tratada de las plantas potabilizadoras de Chilibre y Miraflores de Panamá','Demostrar la presencia de virus entéricos en muestras de agua cruda y tratada provenientes de las Plantas Potabilizadoras Federico Guardia Conte de Chilibre y de Miraflores, evaluando la eficiencia de las plantas para eliminar estos virus durante el proceso de tratamiento del agua.','En curso'),(49,49,12,'Evaluación de la producción y calidad de forraje del pasto “Brachiaria brizantha cv. Paiaguas” en época lluviosa.',' El presente trabajo tiene como objetivo evaluar la producción de materia seca y calidad nutricional del pasto Brachiaria brizantha cv. BRS Paiaguás en diferentes dosis consideradas bajas de nitrógeno en pastos del género Brachiarias','En curso'),(50,49,12,':  Rendimiento y calidad nutricional de 4 cultivares de maíz (Zea mays) destinado a ensilaje como alimentación animal','	Medir las principales características agronómicas, rendimiento  y calidad nutricional de distintos cultivares de maíz (híbridos y variedades) para ser utilizados en ensilaje.','En curso'),(51,49,12,'Disponibilidad de biomasa con fertilización orgánica fraccionada y total en el pasto Panicum máximum cv. Miyagui','Evaluar la producción de biomasa  en el pasto Panicum máximum cv. Miyagui  bajo dos métodos de aplicación de fertilización orgánica.','En curso'),(53,49,12,'	 Evaluar los componentes agronómicos: altura de planta y cobertura del sorgo forrajero BMR IDIAP-0943-17 sometido a diferentes niveles de fertilización orgánica (0-5-10-20-30 ton/ha) y frecuencias de cortes cada 90 días.','	 Evaluar los componentes agronómicos: altura de planta y cobertura del sorgo forrajero BMR IDIAP-0943-17 sometido a diferentes niveles de fertilización orgánica (0-5-10-20-30 ton/ha) y frecuencias de cortes cada 90 días.','En curso'),(54,52,13,'Efectos de la suplementación de cultivos de levadura (Saccharomyces Cerevisiae) en la fase gestacional prepartal y la lactancia sobre el desempeño productivo y reproductivo en cerdas primerizas.  (CUFI-2021-P-CNET-022). ','Evaluar la respuesta de la suplementación de Saccharomyces cerevisiae en el consumo de alimento, perfil sanguíneo, calidad de la leche y respuesta reproductiva en cerdas durante la lactancia. ','En curso'),(59,52,13,'Efectos de la suplementación de niveles farmacológicos de óxido de zinc como sustituto de antibióticos en dietas para cerdos. ','Evaluar el efecto del óxido de zinc como sustituto de antibióticos como promotores de crecimento sobre el  control de diarrea y en el desempeño productivo de cerdos destetados. ','En curso'),(60,52,13,'Efectos de la suplementación de ácidos orgánicos sobre el desempeño productivo, control d diarrea y rendimiento en carcasa en broilers. ','Determinar la capacidad de una mezcla de ácidos orgánicos sobre el control de la incidencia de diarrea,  mejoras en la ganancia de peso y rendimiento en carcasa de pollos de engorde. ','En curso'),(61,52,13,'Desempeño productivo en pollos de carne alimentados con dietas de diferentes densidades energéticas en Panamá','Evaluar el efecto de cinco niveles de densidades energéticas sobre los parámetros productivos en pollos de carne a los 21 y 42 días. ','En curso'),(62,52,13,'Efecto del grupo genético sobre el desempeño productivo y la composición nutricional de la leche de cabras en sistema estabulado bajo condiciones tropicales. ','Evaluar el efecto del grupo genético (Saanen y Parda Alpina) sobre el\r\ndesempeño productivo y la composición nutricional de la leche de cabras en sistema estabulado bajo condiciones tropicales.\r\n','En curso'),(64,66,15,'Caracterización del uso de hábitat por monos cariblancos (Cebus imitator) mediante la evaluación fenológica y nutrimental de los recursos vegetales del agroecosistema (Código VIP-13-02-01-2022-01)','General:  Caracterizar el uso de hábitat por monos cariblancos mediante la evaluación fenológica y nutrimental de los recursos vegetales que consumen en la finca Majagua Civil para así diseñar un esquema de manejo adecuado.\r\nEspecíficos: (1) Identificar las especies arbóreas de preferencia de los monos cariblancos en la finca Majagua Civil.\r\n(2) Determinar si existe una relación entre la frecuencia de consumo de maíz por monos cariblancos y la disponibilidad de higos silvestres.\r\n(3) Determinar los valores nutrimentales del maíz, higos y otros frutos silvestres mediante una prueba piloto.','En curso');
/*!40000 ALTER TABLE `proyegi` ENABLE KEYS */;
UNLOCK TABLES;

--
-- Table structure for table `usuarios`
--

DROP TABLE IF EXISTS `usuarios`;
/*!40101 SET @saved_cs_client     = @@character_set_client */;
/*!40101 SET character_set_client = utf8 */;
CREATE TABLE `usuarios` (
  `id` int(11) NOT NULL AUTO_INCREMENT,
  `nombre` varchar(100) CHARACTER SET utf8mb4 COLLATE utf8mb4_spanish2_ci NOT NULL,
  `cedula` varchar(40) CHARACTER SET utf8 COLLATE utf8_spanish2_ci NOT NULL,
  `usuario` varchar(100) COLLATE utf8_spanish_ci NOT NULL,
  `email` varchar(100) COLLATE utf8_spanish_ci NOT NULL,
  `password` varchar(100) COLLATE utf8_spanish_ci NOT NULL,
  `privilegio` int(2) NOT NULL,
  `fecha_registro` timestamp NOT NULL DEFAULT current_timestamp(),
  PRIMARY KEY (`id`) USING BTREE,
  UNIQUE KEY `nombre` (`nombre`)
) ENGINE=InnoDB AUTO_INCREMENT=73 DEFAULT CHARSET=utf8 COLLATE=utf8_spanish_ci;
/*!40101 SET character_set_client = @saved_cs_client */;

--
-- Dumping data for table `usuarios`
--

LOCK TABLES `usuarios` WRITE;
/*!40000 ALTER TABLE `usuarios` DISABLE KEYS */;
INSERT INTO `usuarios` VALUES (1,'Jorge Luis Sánchez','8-871-952','admin','jorge.sanchezr@up.ac.pa','Jhamany13911',1,'2022-04-02 01:54:20'),(2,'Carlos Manuel Gómez Rudy','3-112-34','cgomez','carlos.gomezr@up.ac.pa','123.abc.',1,'2022-04-02 01:57:54'),(3,'Estelina Ortega Jalil de Gómez','3-120-34','eortega','estelina.ortega@up.ac.pa','123.abc.',2,'2022-04-02 02:13:45'),(4,'Griselda B. Arteaga','N-19-1191','garteaga','griselda.arteaga@up.ac.pa','123.abc.',1,'2022-04-02 02:29:18'),(5,'Francisco Farnum','8-434-996','ffarnum','francisco.farnum@up.ac.pa','123.abc.',1,'2022-04-09 16:18:32'),(6,'Bladimir Enrique Cedeño Vega','8-738-1504','bcedeno','bladimir.cedeno@up.ac.pa','123.abc.',1,'2022-04-11 15:01:51'),(7,'Álex Omar Martínez Torres','8-414-257','amartinez','amartinet13@gmail.com','123.abc.',1,'2022-04-11 17:08:27'),(8,'Saúl Ardines','8-360-151','ardiness','saul.ardines@up.ac.pa','123.abc.',1,'2022-04-18 17:01:54'),(9,'Claudia Massiel Perez Gonzalez','9-718-1811','cperez','claudia.perezg@up.ac.pa','123.abc.',1,'2022-04-19 14:43:15'),(10,'Gladys Correa','8-401-529','gladys.correa','gladys.correa@up.ac.pa','Argelis12#',2,'2022-04-25 13:08:34'),(11,'Jacob Garrido','4-739-1266','Jacob02','jacob.garrido@up.ac.pa','Jac20ob10',2,'2022-04-25 16:22:20'),(12,'Luisa Morales Maure','8-513-456','Lmorales','luisa.morales@up.ac.pa','mabelM42',1,'2022-04-25 16:33:32'),(13,'Abril Méndez','9-118-1078','abrilmendez','abril.mendezch@up.ac.pa','a4052931',2,'2022-04-25 16:51:13'),(14,'Ednner E. Victoria B.','8-746-1058','Ednner','ednner@gmail.com','67235186Cc',2,'2022-04-27 10:43:29'),(15,'Luisa Morales','3-3905-9002','lmorales','luisa.morales@up.ac.pa','123.abc.',2,'2022-04-27 14:17:50'),(16,'Franklin Eduardo Wilcox Cuervo','8-733-1360','Wilcox13','franklin.wilcox@up.ac.pa','Cuervo102107',2,'2022-04-27 18:58:40'),(17,'Cesar Amaya','3-738-130','cesarlmx29','cesar.amaya@up.ac.pa','Panamalove29*',2,'2022-04-28 01:38:58'),(18,'Danellys Vega Castro','7-93-30','Danellys','danellys.vega@up.ac.pa','Creatividad_feliz7125',2,'2022-05-05 21:47:04'),(19,'Hildaura A de Patiño','4-145-728','hiacosta6','hildaura6@gmail.com','arjoro66',2,'2022-05-11 19:38:16'),(20,'Martha de Von Chong','N-19-815','martha.vonchong','martha.chaves@up.ac.pa','kilmerian',2,'2022-05-13 04:26:25'),(21,'Odessa Aranda','9-706-1052','oaranda78','odessa.aranda@up.ac.pa','Procomodessa1978',2,'2022-05-13 20:29:01'),(22,'qddyfgp','','qddyfgp','','zHSTfU',2,'2022-05-15 05:27:06'),(23,'Janzel Villalaz','8-208-780','V78J73R','janzelvillalaz@yahoo.com','zse45678',2,'2022-05-15 23:56:54'),(26,'Luis Cubilla Rios','4-147-2456','Luis Cubilla Rios','luis.cubilla@up.ac.pa','Cubilla0261',2,'2022-05-16 13:42:28'),(28,'Ana Isabel Santana','8-268-606','ana.santana','ana.santana@up.ac.pa','florencia',2,'2022-05-19 14:06:50'),(29,'Pablo N. Solís','7-84-2193','pablonsolis5','pablonsolis@gmail.com','2205kapa',2,'2022-05-23 14:07:57'),(30,'Marciano Santamaría','4-155-471','marciano.santamaria','marciano.santamaria@up.ac.pa','06mggchito',2,'2022-05-24 15:58:40'),(31,'Rosa López','9-720-60','RosaLopez','rosa.lopez@up.ac.pa','darlenys10',2,'2022-05-25 19:44:49'),(32,'Karol Gutiérrez','4-775-2034','gutierrezpinedakm','madelinekarol@gmail.com','Fcprima55',2,'2022-05-26 23:16:56'),(33,'Julio Enrique Trujillo González','8-880-1605','juliotrujillo1994','julio.trujillo@up.ac.pa','julioT20$',2,'2022-05-31 17:29:40'),(34,'Alex Eliesser Ríos Moreno','4-700-1479','Alex','alex.morenom@up.ac.pa','ucoferna1975',1,'2022-06-04 19:56:36'),(35,'Jacqueline Jones','08-489-179','jjonesav','jacqueline.jones@up.ac.pa','Vsbj0713',2,'2022-06-06 18:02:19'),(39,'POMPILIO ALEXIS CAMPOS PORTUGAL','8-286-830','pacp','pompilio.campos@up.ac.pa','Sumbul.2912',2,'2022-06-07 17:03:58'),(40,'eduardo amador','pe-2-838','exanet','eduardo.amador@up.ac.pa','chingadax1',2,'2022-06-08 17:46:45'),(41,'Lina Lay Mendivil','8-802-2116','Linalaym','lina.lay@up.ac.pa','Panama507',2,'2022-06-10 14:30:01'),(42,'Abdiel Rodríguez','4-747-1782','abdielr','abdiel.rodriguezreyes@up.ac.pa','gumercinda18',2,'2022-06-16 21:32:43'),(43,'Maria de los Ángeles Frende','E-8-154457','gelen1969','maria.frende@up.ac.pa','Nicolas04',2,'2022-06-21 21:22:43'),(44,'KARIAN MADRID CALVO','8-326-1003','kmadrid','klmasesoria@gmail.com','ALINAK250402',2,'2022-06-22 00:57:25'),(48,'Yaliska Moreno','8-865-228','YMoreno','yaliska.moreno@up.ac.pa','..oksana..',2,'2022-07-08 14:31:52'),(49,'EDGAR ALEXIS POLO','8-231-764','FCA','epolo61@hotmail.com','e31a61polo',1,'2022-07-10 21:20:31'),(50,'Katherine Montes','8-854-397','Katmontes','katherine.montes@up.ac.pa','GESPA2022',1,'2022-07-11 13:42:20'),(51,'Belma Elizabeth Soto Fernández','2-122-763','2-122-763','belma.soto@up.ac.pa','DEPAS22$FCA',1,'2022-07-11 16:42:24'),(52,'Richard Mudarra','6-717-826','Richard Mudarra','richard.mudarra@up.ac.pa','ingagrZOO2015..',1,'2022-07-12 22:40:08'),(53,'ERIC ENRIQUE ESPINOSA FERNÁNDEZ','8-357-377','8357377','ericee.espinosa@up.ac.pa','a7V4E9t6QMRPnk8',2,'2022-07-14 13:00:10'),(55,'Myrta Candanedo','8-358-188','Profesora','mirtacandanedo@gmail.com','MC#635mar',2,'2022-07-15 22:15:51'),(57,'uhwenunhy','','uhwenunhy','','SErIl',2,'2022-07-17 02:55:56'),(58,'Reynaldo Elías Vargas Vargas','7-107-745','Reynaldo Vargas','reynaldo.vargas@up.ac.pa','Granota06',1,'2022-07-19 18:20:21'),(59,'Reggie Guerra','4-725-1135','Rguerram','reggie.guerra@up.ac.pa','Liapim21',2,'2022-07-19 18:24:53'),(60,'Mario Arjona Smith','6-708-1204','marioarjona03','mario.arjona@up.ac.pa','Sofia_28',2,'2022-07-19 18:29:14'),(61,'Carlos Solís','6-85-309','carlossolis','carlossolisgonzalez21@gmail.com','carlod2318',2,'2022-07-19 18:32:09'),(66,'Luz Irene Loría A.','4-740-1353','LuzLoria','luz.loria@up.ac.pa','Varos177',1,'2022-07-21 13:50:38'),(68,'Fernando Gálvez','8-841-81','FGUP','fernando.galvez@up.ac.pa','Nitrogeno90%',1,'2022-07-22 11:54:08'),(69,'Lourdes Arjona','6-715-888','Arjona06','lourdes.arjona@up.ac.pa','tiempodeDios06',2,'2022-07-28 00:34:22'),(70,'JUAN CORELLA JUSTAVINO','4-121-2668','tecmecap@22','juan.corellaj@up.ac.pa','tec@2022',2,'2022-07-29 13:58:40'),(71,'Víctor Ortiz','8-490-289','diset','victor.ortiz@up.ac.pa','Y7ESVXmNp7UamVF',2,'2022-07-29 18:49:35'),(72,'Delia Consuegra','7-703-1827','Delia','delia.consuegra@up.ac.pa','Anaelyne170305',2,'2022-08-09 22:58:55');
/*!40000 ALTER TABLE `usuarios` ENABLE KEYS */;
UNLOCK TABLES;
/*!40103 SET TIME_ZONE=@OLD_TIME_ZONE */;

/*!40101 SET SQL_MODE=@OLD_SQL_MODE */;
/*!40014 SET FOREIGN_KEY_CHECKS=@OLD_FOREIGN_KEY_CHECKS */;
/*!40014 SET UNIQUE_CHECKS=@OLD_UNIQUE_CHECKS */;
/*!40101 SET CHARACTER_SET_CLIENT=@OLD_CHARACTER_SET_CLIENT */;
/*!40101 SET CHARACTER_SET_RESULTS=@OLD_CHARACTER_SET_RESULTS */;
/*!40101 SET COLLATION_CONNECTION=@OLD_COLLATION_CONNECTION */;
/*!40111 SET SQL_NOTES=@OLD_SQL_NOTES */;

-- Dump completed on 2022-08-17 10:05:49
